ra,dec,d
112.8029279,-6.268484026,1369.2463
112.820719,-6.264644314,1368.1929
112.838551,-6.260668789,1367.139
112.85643,-6.256780017,1366.0842
112.87435,-6.252755427,1365.0289
112.8922222,-6.248642295,1363.9728
112.9101414,-6.244615901,1362.9161
112.9281015,-6.240453694,1361.8587
112.9461499,-6.236243298,1360.8005
112.9640619,-6.231991663,1359.7417
112.9820622,-6.22769184,1358.6822
113.0001507,-6.223343819,1357.622
113.0182388,-6.218994889,1356.5612
113.0362791,-6.214557449,1355.4997
113.0544077,-6.210071801,1354.4374
113.0725771,-6.205450345,1353.3745
113.0907048,-6.20096288,1352.3109
113.1088734,-6.196339609,1351.2467
113.1270828,-6.191580533,1350.1816
113.1453392,-6.186908122,1349.116
113.1635477,-6.182147231,1348.0496
113.1817971,-6.177250542,1346.9827
113.2000934,-6.172440503,1345.915
113.2184305,-6.16749466,1344.8466
113.2367198,-6.162460363,1343.7775
113.2551446,-6.157465353,1342.7078
113.2735216,-6.152381891,1341.6374
113.2918981,-6.147297519,1340.5662
113.3103154,-6.142077355,1339.4945
113.3287322,-6.136856284,1338.422
113.3472372,-6.131586937,1337.3488
113.3657416,-6.126316675,1336.2749
113.3841983,-6.120957997,1335.2004
113.402743,-6.115551034,1334.1252
113.4212398,-6.110055668,1333.0493
113.4398248,-6.104512013,1331.9727
113.4584092,-6.098967448,1330.8955
113.4770344,-6.093287103,1329.8175
113.4957064,-6.087693322,1328.7389
113.5143306,-6.082011158,1327.6596
113.5329954,-6.076193223,1326.5796
113.5516597,-6.070374383,1325.4989
113.5704121,-6.064507227,1324.4175
113.5891639,-6.058639159,1323.3354
113.6078678,-6.052682741,1322.2526
113.6266598,-6.046677999,1321.1692
113.6454039,-6.040584922,1320.0851
113.6642359,-6.034443517,1319.0003
113.6830674,-6.028301206,1317.9148
113.7018511,-6.02207058,1316.8286
113.72077,-6.015879022,1315.7418
113.7396822,-6.009464308,1314.6542
113.7585527,-6.003183539,1313.566
113.7774638,-5.996767028,1312.4771
113.7964629,-5.990302163,1311.3875
113.815414,-5.983749015,1310.2972
113.8343645,-5.977194974,1309.2062
113.853403,-5.970592572,1308.1146
113.8723936,-5.963901909,1307.0222
113.891472,-5.957162882,1305.9292
113.9105499,-5.950422958,1304.8354
113.9295799,-5.943594795,1303.741
113.9486977,-5.936718261,1302.6459
113.9678149,-5.929840835,1301.5501
113.9868842,-5.922875191,1300.4536
114.0060414,-5.915861171,1299.3565
114.025198,-5.908846263,1298.2586
114.0443951,-5.901695655,1297.16
114.0635916,-5.894544165,1296.0608
114.0827401,-5.887304496,1294.9609
114.1020238,-5.880103733,1293.8602
114.1212122,-5.87272751,1292.7588
114.1405358,-5.86539018,1291.6568
114.1598114,-5.857964692,1290.5541
114.1790864,-5.850538332,1289.4507
114.1984018,-5.842976306,1288.3466
114.2177166,-5.835413414,1287.2418
114.2370718,-5.827714866,1286.1364
114.2563854,-5.820150243,1285.0302
114.2758278,-5.812402425,1283.9233
114.2951338,-5.804614056,1282.8157
114.3145276,-5.796777286,1281.7075
114.3339207,-5.788939662,1280.5985
114.3533542,-5.780966408,1279.4888
114.3727871,-5.772992306,1278.3785
114.3923078,-5.764969789,1277.2675
114.411692,-5.75690679,1276.1557
114.431164,-5.748795383,1275.0432
114.4507237,-5.740635557,1273.9301
114.4702354,-5.732387704,1272.8162
114.4897464,-5.724139016,1271.7016
114.5092094,-5.715802327,1270.5864
114.5287602,-5.707417225,1269.4704
114.5483103,-5.699031294,1268.3537
114.5679007,-5.690509792,1267.2364
114.5874904,-5.681987467,1266.1183
114.6070795,-5.673464321,1264.9995
114.626709,-5.664805618,1263.88
114.6463377,-5.656146101,1262.7598
114.6659184,-5.647398654,1261.6389
114.6854984,-5.638650407,1260.5173
114.7051187,-5.629766635,1259.3949
114.7248741,-5.620921544,1258.2719
114.7444457,-5.611949085,1257.1481
114.7641524,-5.603015302,1256.0237
114.783811,-5.593993643,1254.8985
114.8035098,-5.58483649,1253.7726
114.8231671,-5.575813265,1252.646
114.8429529,-5.566606912,1251.5187
114.8626024,-5.55736037,1250.3906
114.8823395,-5.548065415,1249.2619
114.9020759,-5.538769693,1248.1324
114.9217642,-5.529386169,1247.0022
114.9415402,-5.519954233,1245.8713
114.9612681,-5.510434517,1244.7397
114.9809953,-5.500914056,1243.6074
115.0008101,-5.491345182,1242.4743
115.0204886,-5.481736228,1241.3404
115.0402547,-5.47207887,1240.2059
115.060061,-5.46228611,1239.0707
115.0798666,-5.452492624,1237.9347
115.0995832,-5.442746095,1236.798
115.1194284,-5.432816504,1235.6606
115.1391845,-5.422933886,1234.5223
115.1589809,-5.412915909,1233.3833
115.1787766,-5.40289723,1232.2438
115.1985716,-5.39287785,1231.1033
115.2184068,-5.382723132,1229.9622
115.2381939,-5.372480793,1228.8204
115.2580277,-5.362324699,1227.6778
115.2777661,-5.351994084,1226.5345
115.2975511,-5.341749716,1225.3904
115.3173764,-5.331370055,1224.2456
115.3371535,-5.320902832,1223.1
115.3570657,-5.310474126,1221.9537
115.3767941,-5.29991871,1220.8066
115.3966575,-5.289401808,1219.6589
115.4164254,-5.278710513,1218.5103
115.43624,-5.268105457,1217.361
115.4560066,-5.257412907,1216.211
115.4758133,-5.246585146,1215.0601
115.4956193,-5.235756773,1213.9085
115.5154247,-5.224927787,1212.7562
115.535182,-5.214011362,1211.6032
115.5549386,-5.203094341,1210.4493
115.5747828,-5.192128974,1209.2947
115.5945316,-5.18098939,1208.1394
115.614327,-5.169936039,1206.9832
115.6340744,-5.15879531,1205.8263
115.6538211,-5.147654014,1204.6686
115.673608,-5.136377606,1203.5101
115.6932587,-5.125061635,1202.3509
115.7130443,-5.113784126,1201.1909
115.7327344,-5.102332542,1200.0301
115.7524713,-5.090967189,1198.8686
115.7722483,-5.079466774,1197.7063
115.7918892,-5.067926873,1196.5432
115.8116175,-5.056338684,1195.3793
115.8312979,-5.044663258,1194.2146
115.8510249,-5.03307406,1193.0491
115.8706566,-5.021310929,1191.8829
115.8902876,-5.009547322,1190.7158
115.909918,-4.99778324,1189.548
115.9295004,-4.985931993,1188.3793
115.9491703,-4.974032488,1187.2099
115.9687923,-4.962045843,1186.0397
115.9883254,-4.950106558,1184.8687
116.0078987,-4.938032362,1183.6968
116.0274714,-4.925957739,1182.5242
116.0469961,-4.913796039,1181.3508
116.0665202,-4.901633928,1180.1764
116.0861319,-4.889423594,1179.0014
116.1055601,-4.877087405,1177.8255
116.125035,-4.864837463,1176.6488
116.1445501,-4.852452693,1175.4713
116.1639291,-4.840028759,1174.2928
116.1833957,-4.827556642,1173.1137
116.2027736,-4.815131994,1171.9337
116.2221916,-4.802572573,1170.7528
116.2415618,-4.789926227,1169.5712
116.2608432,-4.77732739,1168.3887
116.2802122,-4.764680397,1167.2054
116.2995332,-4.75194652,1166.0212
116.3188064,-4.739125783,1164.8363
116.3379909,-4.726352598,1163.6504
116.357263,-4.713531284,1162.4636
116.3764872,-4.700623151,1161.2762
116.3956635,-4.687628222,1160.0877
116.4148393,-4.674633038,1158.8985
116.4339264,-4.661685454,1157.7084
116.4530538,-4.648603265,1156.5174
116.4721334,-4.635434343,1155.3256
116.4911243,-4.622313061,1154.1329
116.5102028,-4.609143708,1152.9393
116.5292335,-4.595887664,1151.7449
116.5481283,-4.582592813,1150.5496
116.5671107,-4.569249922,1149.3534
116.5860045,-4.555954716,1148.1564
116.6048913,-4.54243857,1146.9584
116.6237368,-4.529056589,1145.7596
116.6424873,-4.515501581,1144.5599
116.6612846,-4.502032876,1143.3593
116.6801222,-4.488429741,1142.1577
116.698824,-4.47478794,1140.9553
116.71739,-4.461107501,1139.7521
116.7360909,-4.447465502,1138.5479
116.7546968,-4.433650615,1137.3428
116.7732143,-4.419883536,1136.1368
116.7918193,-4.406068513,1134.9299
116.8102886,-4.392214932,1133.7221
116.8287103,-4.378274938,1132.5133
116.8471315,-4.364334914,1131.3036
116.8655051,-4.350308509,1130.093
116.8837902,-4.336329978,1128.8815
116.9021158,-4.322217215,1127.669
116.9203529,-4.308152346,1126.4556
116.9385425,-4.294001164,1125.2413
116.9567316,-4.279850009,1124.0261
116.974826,-4.265526261,1122.8099
116.9928792,-4.25133677,1121.5927
117.0109728,-4.237013139,1120.3746
117.0289309,-4.222651175,1119.1556
117.0468006,-4.208337189,1117.9355
117.0647108,-4.193889117,1116.7146
117.0824855,-4.179402772,1115.4926
117.1003479,-4.164868649,1114.2697
117.118034,-4.150430442,1113.0458
117.1357605,-4.135858211,1111.8209
117.1533516,-4.121247777,1110.595
117.1708953,-4.106551262,1109.3682
117.1884859,-4.091941152,1108.1404
117.2059818,-4.077158758,1106.9116
117.2233895,-4.062424457,1105.6818
117.2407498,-4.047604142,1104.4511
117.2580219,-4.032831941,1103.2193
117.2752466,-4.017973758,1101.9865
117.2924239,-4.003029616,1100.7527
117.309601,-3.988085722,1099.5179
117.3266899,-3.97318998,1098.2821
117.3436844,-3.958122151,1097.0452
117.3605907,-3.943102509,1095.8074
117.3775848,-3.928035246,1094.5685
117.3943557,-3.91297793,1093.3286
117.4111672,-3.897786868,1092.0876
117.4278436,-3.882557893,1090.8456
117.4444318,-3.867377158,1089.6026
117.4610199,-3.852196761,1088.3585
117.4775137,-3.836844468,1087.1134
117.4939665,-3.82162656,1085.8672
117.510325,-3.8062368,1084.62
117.5266835,-3.790847427,1083.3716
117.5429068,-3.775420256,1082.1222
117.5590421,-3.760041394,1080.8718
117.5750831,-3.74449078,1079.6203
117.5911713,-3.729026673,1078.3677
117.6070773,-3.713438762,1077.114
117.6229832,-3.697851302,1075.8592
117.6388012,-3.6823122,1074.6034
117.6544372,-3.666649362,1073.3464
117.6700732,-3.650987007,1072.0884
117.6857091,-3.635325137,1070.8293
117.7011631,-3.619539598,1069.569
117.7165292,-3.603802476,1068.3076
117.7318953,-3.588065869,1067.0452
117.7470796,-3.572205659,1065.7816
117.7622638,-3.556345993,1064.5169
117.7773603,-3.540534772,1063.251
117.7923628,-3.524552113,1061.984
117.8072775,-3.508617927,1060.7159
117.8221044,-3.492732213,1059.4467
117.8368374,-3.476675124,1058.1763
117.8514826,-3.460666533,1056.9048
117.866081,-3.444572583,1055.6321
117.8805916,-3.428527143,1054.3583
117.8949675,-3.412444262,1053.0832
117.9092087,-3.396323956,1051.8071
117.9234032,-3.380118352,1050.5297
117.9375099,-3.363961294,1049.2512
117.9515699,-3.347718963,1047.9715
117.9654073,-3.331487153,1046.6907
117.979333,-3.315208136,1045.4085
117.9930361,-3.29893966,1044.1253
118.0066046,-3.282633852,1042.8408
118.0201264,-3.266242847,1041.5552
118.0335607,-3.249900439,1040.2684
118.0469483,-3.233472858,1038.9804
118.0601135,-3.217055875,1037.6911
118.0732322,-3.20055375,1036.4006
118.0862633,-3.184100248,1035.1089
118.0992479,-3.167561628,1033.8159
118.1120101,-3.151033647,1032.5218
118.1247727,-3.134506434,1031.2265
118.1372661,-3.11790402,1029.9298
118.1497599,-3.101302393,1028.632
118.1621662,-3.084749418,1027.3328
118.1744793,-3.068025555,1026.0325
118.1866169,-3.051398221,1024.7309
118.1987082,-3.034685864,1023.428
118.2105773,-3.017984212,1022.1239
118.2224,-3.001197562,1020.8185
118.2341354,-2.984459597,1019.5118
118.2457365,-2.967684503,1018.2039
118.2572034,-2.950872291,1016.8947
118.2685361,-2.93402297,1015.5842
118.2797346,-2.917136549,1014.2724
118.2908458,-2.900298829,1012.9593
118.3018229,-2.883424018,1011.6449
118.3126659,-2.866512125,1010.3292
118.3234627,-2.849515325,1009.0122
118.3340843,-2.832615067,1007.694
118.344525,-2.815591973,1006.3744
118.3548785,-2.798617593,1005.0535
118.365098,-2.78160616,1003.7313
118.3752714,-2.76450986,1002.4077
118.3852229,-2.747424343,1001.0828
118.3950872,-2.730387541,999.7566
118.4048176,-2.713313702,998.4291
118.4143673,-2.696117094,997.1002
118.4237419,-2.67901701,995.77
118.4330706,-2.661832096,994.4384
118.4423121,-2.644695894,993.1055
118.4512852,-2.627484745,991.7712
118.4601711,-2.610322303,990.4355
118.4689644,-2.592989336,989.0985
118.4775828,-2.575752867,987.7602
118.4860673,-2.558479387,986.4204
118.4943302,-2.541216678,985.0793
118.5025473,-2.523869178,983.7368
118.5105895,-2.506618145,982.3929
118.5184512,-2.489244399,981.0477
118.5261794,-2.471833643,979.701
118.5338205,-2.454471568,978.353
118.54124,-2.437120237,977.0035
118.548526,-2.419731885,975.6527
118.5556783,-2.40230651,974.3005
118.562697,-2.384844112,972.9468
118.5694943,-2.367392435,971.5918
118.576246,-2.349855984,970.2354
118.5826883,-2.332377981,968.8775
118.589085,-2.314815199,967.5182
118.5953069,-2.297348772,966.1575
118.6013488,-2.279759628,964.7953
118.6072158,-2.26226681,963.4318
118.6129908,-2.244603549,962.0668
118.618503,-2.227084307,960.7003
118.6239233,-2.209394618,959.3325
118.6291688,-2.191801204,957.9631
118.6341929,-2.174218395,956.5924
118.6391717,-2.156550778,955.2202
118.6437948,-2.138855794,953.8465
118.648419,-2.121161635,952.4714
118.652822,-2.10347803,951.0949
118.6570038,-2.085804958,949.7168
118.6610059,-2.068009088,948.3373
118.6649212,-2.050261685,946.9564
118.6686153,-2.032524768,945.574
118.6720883,-2.014798315,944.1901
118.6754281,-1.997034646,942.8048
118.6785883,-1.979148125,941.4179
118.6815738,-1.961357645,940.0296
118.6843383,-1.94357755,938.6398
118.6869696,-1.925760181,937.2485
118.6894214,-1.907819902,935.8558
118.6916986,-1.889975575,934.4615
118.6937084,-1.872055927,933.0658
118.6955435,-1.854232173,931.6686
118.6971993,-1.836285435,930.2699
118.6987684,-1.81838694,928.8697
118.7000701,-1.800413032,927.4681
118.701151,-1.782449302,926.0649
118.7020108,-1.764495719,924.6602
118.7027377,-1.74650467,923.254
118.7032437,-1.728523715,921.8463
118.7036168,-1.710505252,920.4371
118.703769,-1.69249683,919.0265
118.7036541,-1.674412797,917.6143
118.7033645,-1.656424354,916.2006
118.7028958,-1.638312684,914.7854
118.7022526,-1.620296546,913.3686
118.7013422,-1.602204668,911.9504
118.7002991,-1.584075102,910.5307
118.6989008,-1.565917256,909.1093
118.6974161,-1.547807277,907.6866
118.6957986,-1.529659528,906.2623
118.693826,-1.511483375,904.8364
118.6916327,-1.493316882,903.4091
118.6893067,-1.475112517,901.9802
118.68676,-1.456917744,900.5499
118.6839925,-1.438732521,899.118
118.6809581,-1.42047118,897.6846
118.6778373,-1.402257464,896.2497
118.6743615,-1.384015015,894.8132
118.6707531,-1.365734489,893.3753
118.6668778,-1.347377676,891.9358
118.66274,-1.329163235,890.4947
118.6584235,-1.310824967,889.0522
118.6538863,-1.292495904,887.6082
118.6490823,-1.27409036,886.1626
118.6441919,-1.255732155,884.7155
118.6389467,-1.237344788,883.2669
118.6334809,-1.218966433,881.8168
118.6277945,-1.20059704,880.3651
118.6218414,-1.182150907,878.912
118.6157558,-1.163666256,877.4572
118.6093615,-1.145237796,876.0011
118.6027006,-1.12673243,874.5433
118.5958192,-1.108235763,873.0841
118.5887172,-1.08974774,871.6233
118.5813946,-1.071268309,870.1611
118.5738055,-1.052711744,868.6972
118.5659958,-1.034163656,867.2319
118.5579656,-1.01562399,865.7651
118.5496688,-0.997007009,864.2968
118.5411516,-0.978398332,862.827
118.5322797,-0.959759506,861.3556
118.5232754,-0.941081561,859.8828
118.5139625,-0.922459018,858.4085
118.5043831,-0.903758825,856.9326
118.4945833,-0.885066615,855.4553
118.4845629,-0.866382328,853.9764
118.4742761,-0.847620191,852.4961
118.4636348,-0.828827368,851.0143
118.452907,-0.810080745,849.531
118.4417788,-0.79121756,848.0462
118.430476,-0.772447681,846.56
118.4188187,-0.753646789,845.0722
118.4069832,-0.734720389,843.5829
118.394839,-0.71584855,842.0922
118.3824744,-0.696984002,840.6
118.3698435,-0.678040922,839.1063
118.356858,-0.65906639,837.6112
118.3436521,-0.640098914,836.1146
118.3302258,-0.621138426,834.6165
118.3165331,-0.602099079,833.1171
118.302486,-0.583027915,831.6161
118.2882184,-0.563963495,830.1136
118.2736421,-0.544952858,828.6097
118.2587537,-0.525777201,827.1044
118.2436907,-0.506693846,825.5976
118.2283157,-0.487445293,824.0894
118.212632,-0.46825015,822.5798
118.1967278,-0.449061254,821.0687
118.1804691,-0.429839753,819.5563
118.1639443,-0.41053848,818.0424
118.1471107,-0.391290227,816.527
118.1300109,-0.371962009,815.0103
118.1126449,-0.352553731,813.4922
118.0949701,-0.333198175,811.9727
118.0770292,-0.313762362,810.4517
118.0587338,-0.294293181,808.9294
118.0402179,-0.27482942,807.4057
118.0213475,-0.25533207,805.8806
118.002211,-0.235754044,804.3542
117.982854,-0.216181155,802.8264
117.9630542,-0.196621283,801.2971
117.9430765,-0.176933474,799.7666
117.92279,-0.157297438,798.2347
117.9021034,-0.137541165,796.7014
117.8811079,-0.117836412,795.1668
117.8599346,-0.098003323,793.6309
117.8383641,-0.078268435,792.0936
117.8164818,-0.0583659,790.555
117.794379,-0.03846757,789.0151
117.7718333,-0.018581059,787.4738
117.7491098,0.00143432,785.9313
117.7259434,0.02143816,784.3875
117.7025564,0.041438241,782.8424
117.6787694,0.061559916,781.2959
117.6547617,0.081678058,779.7483
117.6303995,0.101832021,778.1994
117.6056827,0.122021949,776.6492
117.5806998,0.142294756,775.0976
117.5553622,0.162603799,773.545
117.5296701,0.182949226,771.991
117.5037118,0.203377918,770.4358
117.477399,0.22384327,768.8794
117.4507315,0.244345431,767.3217
117.4237549,0.264798411,765.7629
117.3964666,0.285421321,764.2029
117.3688236,0.306081469,762.6416
117.3408261,0.326779009,761.0791
117.3126077,0.34747457,759.5155
117.2839008,0.36824733,757.9508
117.2549276,0.389104579,756.3848
117.2255997,0.409999813,754.8177
117.1959172,0.430933187,753.2495
117.1659683,0.45195146,751.6801
117.1355308,0.473047822,750.1096
117.1048725,0.494143136,748.538
117.073814,0.515363468,746.9652
117.0424461,0.536536441,745.3913
117.0107665,0.55788132,743.8164
116.9786435,0.579218887,742.2404
116.9461204,0.60068218,740.6633
116.9133763,0.62214524,739.0852
116.8802319,0.64373435,737.506
116.8466442,0.665316859,735.9258
116.81279,0.686985918,734.3446
116.7785356,0.708781575,732.7623
116.7439716,0.730531232,731.179
116.7089619,0.752494248,729.5947
116.6736426,0.774411591,728.0094
116.6380115,0.796502679,726.4231
116.6019369,0.818588414,724.8359
116.5655071,0.840715391,723.2477
116.528677,0.862970251,721.6585
116.4914918,0.885266709,720.0684
116.4539948,0.907737792,718.4775
116.4160541,0.930204458,716.8855
116.3777129,0.952799775,715.2927
116.3390165,0.975437403,713.699
116.2999649,0.998117507,712.1044
116.2605128,1.020926828,710.5089
116.2206602,1.043865573,708.9125
116.1804523,1.066847346,707.3154
116.1398891,1.089872312,705.7173
116.0989253,1.11302727,704.1184
116.0574722,1.136266189,702.5187
116.0157524,1.159595106,700.9183
115.9735432,1.183008397,699.317
115.9309334,1.206552511,697.715
115.8879681,1.23014095,696.1122
115.8446021,1.2538606,694.5087
115.8008353,1.277711672,692.9044
115.7567129,1.301607621,691.2995
115.712101,1.325589238,689.6937
115.667177,1.349749028,688.0873
115.6217635,1.373994929,686.4802
115.5759941,1.398286476,684.8724
115.5297351,1.42266457,683.2641
115.483164,1.447221617,681.655
115.436103,1.471865653,680.0453
115.3886411,1.496642977,678.4349
115.3408233,1.521466904,676.824
115.2924704,1.546465383,675.2124
115.2437616,1.57151087,673.6004
115.1946065,1.596777411,671.9877
115.1450953,1.62209134,670.3745
115.095049,1.647580785,668.7607
115.0446465,1.673118019,667.1464
114.9937977,1.698877218,665.5316
114.9425037,1.724638635,663.9163
114.8908522,1.750668413,662.3006
114.8386665,1.776654884,660.6843
114.7861233,1.802910152,659.0676
114.7330896,1.829255544,657.4505
114.6795655,1.855691297,655.833
114.6255948,1.882350644,654.215
114.5712674,1.909059542,652.5967
114.5164934,1.935992461,650.978
114.4612287,1.963016633,649.3589
114.4054283,1.990219484,647.7395
114.349226,2.017559892,646.1198
114.2926219,2.045038044,644.4998
114.2355268,2.072608346,642.8794
114.1779848,2.100404061,641.2588
114.1199517,2.128292383,639.6379
114.0614715,2.156406584,638.0167
114.0025892,2.184659577,636.3954
113.9430817,2.213047435,634.7738
113.8832609,2.24162024,633.152
113.8228147,2.270328409,631.53
113.7620552,2.299221913,629.9079
113.7006701,2.328251272,628.2855
113.6389266,2.357553774,626.6632
113.5766024,2.386905202,625.0406
113.5138306,2.416484539,623.418
113.4506559,2.446204521,621.7952
113.3868105,2.476149076,620.1723
113.3225622,2.506234714,618.5495
113.2578659,2.536549129,616.9266
113.1926326,2.567046947,615.3037
113.1269069,2.597640834,613.6808
113.0606883,2.628551715,612.058
112.9939772,2.659559076,610.4351
112.9266838,2.690838351,608.8124
112.8589869,2.722260052,607.1897
112.7907075,2.753954131,605.5671
112.7219352,2.785745498,603.9446
112.6526694,2.817855207,602.3222
112.5829105,2.850062575,600.7
112.5125688,2.882543232,599.078
112.4416889,2.915209683,597.456
112.37036,2.948107573,595.8344
112.2983586,2.981233992,594.213
112.2259528,3.014504442,592.5918
112.1529636,3.048049273,590.9709
112.07948,3.081914126,589.3502
112.0054132,3.115832684,587.7298
111.930807,3.150159518,586.1098
111.8557065,3.184585791,584.4901
111.780022,3.219287458,582.8708
111.7038425,3.254310081,581.2518
111.6270342,3.289475199,579.6332
111.5496415,3.324916296,578.0151
111.4717982,3.360590894,576.3974
111.3933701,3.396541802,574.7801
111.3142678,3.432723901,573.1634
111.2347146,3.469139933,571.5471
111.1545313,3.505920839,569.9313
111.0738073,3.542890666,568.3161
110.9924978,3.58013762,566.7015
110.9106026,3.617661853,565.0874
110.8281214,3.655463507,563.474
110.7450989,3.693454562,561.8612
110.6614452,3.731811441,560.249
110.5772051,3.770446126,558.6375
110.4923782,3.809358729,557.0266
110.4069645,3.848549354,555.4165
110.3208294,3.888061146,553.8072
110.2342413,3.927808118,552.1985
110.1470207,3.967921652,550.5907
110.059123,4.008268401,548.9837
109.9706819,4.04902709,547.3775
109.8815631,4.090019152,545.7721
109.7918559,4.131289799,544.1676
109.7015151,4.172927427,542.564
109.6105405,4.214932106,540.9613
109.5189766,4.257215497,539.3595
109.426689,4.29982089,537.7587
109.333901,4.342750145,536.1589
109.2403886,4.386001445,534.5601
109.1462411,4.429619927,532.9624
109.0513685,4.473560492,531.3656
108.9559497,4.517913335,529.77
108.85985,4.562499727,528.1755
108.7630691,4.607541736,526.5821
108.6655618,4.652905737,524.9899
108.5675518,4.698593274,523.3988
108.4687699,4.744691212,521.8089
108.3692157,4.791199516,520.2203
108.2691578,4.838031061,518.6329
108.1683268,4.88527278,517.0468
108.0667672,4.932835959,515.462
107.9645682,4.98076551,513.8786
107.8616845,5.029149924,512.2965
107.7581158,5.077989058,510.7158
107.6538167,5.127149016,509.1365
107.5487869,5.176629584,507.5586
107.4431153,5.226698051,505.9822
107.3366224,5.27704165,504.4073
107.2295317,5.327883986,502.8339
107.1215737,5.379089673,501.262
107.0130169,5.430793573,499.6917
106.9037264,5.482816526,498.123
106.7936116,5.535335762,496.5558
106.6828067,5.588307225,494.9904
106.5711764,5.641774324,493.4267
106.4588999,5.695604112,491.8647
106.3457967,5.749928774,490.3044
106.2319112,5.804659068,488.7459
106.1173326,5.859839595,487.1892
106.0019701,5.915647615,485.6343
105.8858684,5.971771005,484.0812
105.7688915,6.028475859,482.5301
105.651129,6.085583888,480.9809
105.5326699,6.143139582,479.4335
105.4133334,6.201275083,477.8882
105.2932535,6.259945968,476.3449
105.172385,6.319017589,474.8036
105.0506365,6.378667113,473.2644
104.9281422,6.43885002,471.7273
104.8047217,6.499475364,470.1923
104.6806434,6.560677713,468.6595
104.5555917,6.622409879,467.1289
104.4297008,6.684627188,465.6004
104.3030595,6.747373913,464.0743
104.1754863,6.810781964,462.5505
104.047206,6.874628653,461.0289
103.9179019,6.939089607,459.5098
103.7877978,7.00416519,457.993
103.6568482,7.069720194,456.4786
103.5250065,7.135842514,454.9666
103.3922715,7.202531017,453.4572
103.2586864,7.269918773,451.9503
103.1241157,7.337825094,450.446
102.9887377,7.406339226,448.9442
102.8524614,7.47541462,447.4451
102.7152397,7.545138922,445.9487
102.5770712,7.615510734,444.4549
102.4380901,7.686484955,442.964
102.2980693,7.758058418,441.4757
102.1571871,7.830320278,439.9903
102.0153078,7.903089202,438.5077
101.8725182,7.976632301,437.0281
101.7287724,8.050813491,435.5513
101.5840687,8.12563101,434.0776
101.4384054,8.201083037,432.6068
101.2917348,8.277256662,431.139
101.1441008,8.35406097,429.6743
100.9955017,8.431493966,428.2128
100.8458434,8.509731481,426.7544
100.6953059,8.588639093,425.2991
100.5436611,8.668212339,423.8472
100.3909969,8.748494535,422.3985
100.2374011,8.829529038,420.9531
100.0826913,8.91122206,419.5111
99.92699911,8.993751439,418.0724
99.77032461,9.076891141,416.6372
99.61252637,9.160905148,415.2054
99.45365097,9.245478285,413.7773
99.29373661,9.330965993,412.3527
99.1327835,9.417141873,410.9317
98.97074243,9.504091785,409.5144
98.8075639,9.591901437,408.1007
98.64333829,9.68039011,406.6908
98.4781061,9.769689452,405.2847
98.31163738,9.859792712,403.8825
98.14406581,9.95065377,402.4841
97.97543137,10.04240402,401.0896
97.8056406,10.13499365,399.6991
97.63464705,10.22828397,398.3127
97.46258035,10.32245236,396.9303
97.28934683,10.41744861,395.552
97.11503286,10.51331509,394.1779
96.93940724,10.6100433,392.808
96.76274081,10.70754486,391.4423
96.58470734,10.80598778,390.0809
96.40566766,10.90533037,388.7239
96.22534747,11.00542817,387.3714
96.04378498,11.10641144,386.0232
95.86101801,11.20841042,384.6796
95.67704734,11.3111966,383.3406
95.49186276,11.4149884,382.0061
95.3053751,11.51951006,380.6762
95.11761565,11.62511482,379.3512
94.92872337,11.7315326,378.0309
94.73845868,11.83897512,376.7154
94.54691251,11.94726013,375.4048
94.35407279,12.05660507,374.0991
94.16003059,12.1668278,372.7984
93.96464174,12.27796267,371.5027
93.76785165,12.39009101,370.2122
93.56979283,12.50316579,368.9268
93.37041025,12.61726816,367.6466
93.16969732,12.73239117,366.3717
92.9676064,12.84839213,365.1021
92.76417179,12.96539929,363.8378
92.5593372,13.0834928,362.579
92.35319402,13.20248985,361.3258
92.14554625,13.32250949,360.078
91.93656617,13.44364001,358.8359
91.72620562,13.5657376,357.5994
91.51431703,13.68883267,356.3687
91.30112215,13.81292632,355.1438
91.08642277,13.93813568,353.9248
90.87026021,14.0643644,352.7116
90.65271572,14.19165215,351.5045
90.43369044,14.3199407,350.3034
90.21307411,14.44939406,349.1083
89.99109887,14.57979084,347.9194
89.76760304,14.71138155,346.7368
89.54258833,14.84393303,345.5606
89.31603253,14.97765738,344.3906
89.08802742,15.11237081,343.2271
88.85837004,15.24818554,342.0701
88.62722887,15.38518976,340.9197
88.39455433,15.52323595,339.7759
88.16024538,15.66226227,338.6388
87.92436606,15.8025292,337.5084
87.68700819,15.94385268,336.3849
87.44796529,16.08634175,335.2683
87.20727686,16.22989754,334.1586
86.96501979,16.37455778,333.056
86.72112804,16.52039498,331.9605
86.47564087,16.66731016,330.8722
86.22840172,16.81532375,329.7911
85.97962902,16.96443895,328.7174
85.72911167,17.11476061,327.651
85.47694192,17.26610381,326.5921
85.22308663,17.41867547,325.5407
84.9674944,17.57232361,324.4969
84.71018456,17.72716947,323.4608
84.45119508,17.88311281,322.4325
84.19042017,18.04008528,321.412
83.92796699,18.19826011,320.3993
83.66372849,18.35756811,319.3946
83.39777612,18.51804537,318.3979
83.13000229,18.67962169,317.4094
82.86047774,18.84233285,316.4291
82.58918355,19.00616133,315.4571
82.31595482,19.17111872,314.4934
82.04100635,19.33721079,313.5381
81.764229,19.50436528,312.5913
81.48563438,19.67270067,311.6531
81.20525848,19.84211511,310.7235
80.92293357,20.01261726,309.8026
80.63872651,20.18424176,308.8905
80.35270361,20.35702369,307.9873
80.0648115,20.53080551,307.093
79.77499888,20.70578625,306.2078
79.48335922,20.88178129,305.3316
79.18966181,21.0588769,304.4646
78.89417778,21.23700058,303.6069
78.59682289,21.41621282,302.7585
78.2974229,21.59651612,301.9195
77.99610001,21.77786361,301.09
77.69282785,21.96023292,300.27
77.38757962,22.14360127,299.4597
77.08041625,22.32800337,298.6591
76.7712481,22.5134963,297.8682
76.46002003,22.69991806,297.0872
76.14687942,22.8873615,296.3161
75.83170906,23.0757444,295.555
75.51450393,23.26518046,294.8041
75.19535977,23.4554872,294.0632
74.87420671,23.64685764,293.3327
74.55090153,23.83906854,292.6124
74.22567498,24.03227445,291.9025
73.89838483,24.22625216,291.2031
73.56904326,24.42125302,290.5142
73.23759417,24.61711271,289.8359
72.90406992,24.81372772,289.1682
72.56847796,25.01134915,288.5113
72.23098247,25.20972095,287.8653
71.89117473,25.40892304,287.2301
71.54948043,25.60888619,286.6058
71.20555573,25.80961171,285.9926
70.85960453,26.01112243,285.3905
70.5115207,26.21346752,284.7996
70.16140428,26.41646989,284.2199
69.80914857,26.62017812,283.6514
69.45478533,26.82449055,283.0944
69.0982914,27.02951916,282.5488
68.7396267,27.23523665,282.0146
68.3789792,27.44153405,281.492
68.01615294,27.64839321,280.9811
67.65119241,27.8558526,280.4818
67.28421412,28.06387924,279.9942
66.91501911,28.27245262,279.5185
66.54363927,28.48147292,279.0546
66.17027591,28.69097645,278.6027
65.79472857,28.90094137,278.1628
65.41711357,29.11133794,277.7349
65.03731215,29.32221069,277.319
64.65535011,29.53332341,276.9153
64.27143482,29.74485775,276.5239
63.8852793,29.95671949,276.1447
63.4970782,30.16881362,275.7777
63.10679219,30.38125448,275.4232
62.7143735,30.59387801,275.081
62.31986028,30.80673001,274.7513
61.92328844,31.01971842,274.434
61.52453323,31.23288604,274.1293
61.12371153,31.4462132,273.8372
60.72094283,31.65954412,273.5577
60.31601885,31.8729883,273.2908
59.90905677,32.08652956,273.0367
59.50001531,32.30000657,272.7953
59.08893009,32.51347081,272.5666
58.67592044,32.7269111,272.3508
58.26078454,32.94015701,272.1478
57.84371401,33.15341246,271.9576
57.42459384,33.36644336,271.7804
57.00345845,33.57930502,271.6161
56.58035193,33.79191564,271.4647
56.15530797,34.00433309,271.3263
55.7282056,34.21646137,271.2009
55.29933406,34.4283162,271.0886
54.86849957,34.63972577,270.9893
54.43564463,34.85081002,270.9031
54.0009849,35.06151246,270.8299
53.56447844,35.27181838,270.7699
53.12610316,35.48157526,270.7229
52.68589309,35.69084838,270.6891
52.24380725,35.89962355,270.6685
51.79990036,36.10783027,270.6609
51.35430147,36.31548136,270.6665
50.90680241,36.5225389,270.6854
50.45765752,36.72882599,270.7173
50.00680404,36.93446972,270.7624
49.55420379,37.13945994,270.8206
49.09984938,37.34365005,270.8921
48.6439443,37.54714551,270.9767
48.18641767,37.74971979,271.0744
47.72716835,37.95163657,271.1854
47.26643632,38.15251574,271.3094
46.80411905,38.35262311,271.4467
46.34022013,38.55181787,271.597
45.87481341,38.75004597,271.7605
45.40797546,38.94725552,271.937
44.93974246,39.14353099,272.1266
44.46991373,39.33883024,272.3294
43.99878436,39.53301042,272.5452
43.52633057,39.72607216,272.774
43.05247959,39.918149,273.0159
42.57725321,40.1091075,273.2707
42.10085003,40.29886071,273.5386
41.62313785,40.48745514,273.8194
41.14426546,40.6749399,274.1131
40.66426649,40.86118776,274.4197
40.18295152,41.04615431,274.7392
39.70058855,41.22985188,275.0716
39.21721645,41.41237835,275.4167
38.73270761,41.59355862,275.7746
38.24721881,41.77345179,276.1453
37.76068274,41.9519743,276.5287
37.27325798,42.12918904,276.9249
36.78488083,42.30501364,277.3336
36.29571161,42.47951483,277.7548
35.80564083,42.65251836,278.1888
35.31475973,42.82422142,278.6352
34.82308457,42.99441514,279.0941
34.33082827,43.16326725,279.5655
33.83772231,43.33054272,280.0493
33.34402476,43.49650542,280.5454
32.84959626,43.66088674,281.0538
32.3546496,43.82386054,281.5745
31.85909768,43.98525332,282.1075
31.36311166,44.14514797,282.6526
30.86669312,44.30356298,283.2099
30.36980432,44.46042082,283.7792
29.87244939,44.61573926,284.3607
29.37479973,44.76960725,284.9541
28.87691674,44.92182755,285.5594
28.37858303,45.07256628,286.1767
27.88016458,45.22167496,286.8058
27.38140779,45.36922218,287.4467
26.88248629,45.51530331,288.0993
26.38347883,45.65972461,288.7636
25.88442992,45.80260743,289.4396
25.38532178,45.94387792,290.1271
24.88616843,46.08355975,290.8262
24.38698365,46.22167665,291.5367
23.88791811,46.3582354,292.2587
23.38896219,46.49316357,292.992
22.89013381,46.62648693,293.7368
22.39145055,46.75823136,294.4926
21.89295085,46.88852175,295.2598
21.39472799,47.01707409,296.0381
20.8968448,47.14411442,296.8275
20.39916008,47.26958363,297.628
19.90197624,47.39348582,298.4394
19.40501529,47.51577247,299.2617
18.90859872,47.63655021,300.095
18.41259106,47.75575883,300.939
17.91714627,47.87331918,301.7939
17.42215807,47.98936863,302.6595
16.92779251,48.10392942,303.5358
16.43406338,48.21693263,304.4226
15.94085058,48.32841393,305.32
15.44831724,48.43829804,306.2279
14.95649624,48.54671588,307.1462
14.46540352,48.65349866,308.075
13.97507473,48.75887747,309.0141
13.48553088,48.86278365,309.9634
12.99679715,48.96514853,310.923
12.50905021,49.06600412,311.8928
12.02201976,49.16548161,312.8726
11.5358838,49.26341244,313.8626
11.0508217,49.35983119,314.8626
10.56670874,49.45486836,315.8725
10.08357698,49.54845595,316.8923
9.601304382,49.64062093,317.9221
9.120227645,49.73130501,318.9616
8.640216829,49.82063598,320.0109
8.161460542,49.9085537,321.0698
7.683686001,49.99507684,322.1384
7.207086074,50.08014495,323.2167
6.731524894,50.1638809,324.3044
6.257332249,50.24633567,325.4018
5.78441773,50.32733454,326.5085
5.312623785,50.40709766,327.6247
4.842186504,50.48537056,328.7502
4.373076714,50.56248424,329.885
3.90523134,50.63816078,331.029
3.438788441,50.71264423,332.1823
2.973668994,50.785755,333.3448
2.51003085,50.85763958,334.5163
2.047621015,50.92819969,335.697
1.58677483,50.99749992,336.8867
1.12733785,51.06565453,338.0853
0.669394854,51.13249881,339.2929
0.212944069,51.19816319,340.5093
359.7580439,51.2625818,341.7347
359.3045688,51.32576627,342.9688
358.8526997,51.38776855,344.2117
358.4023094,51.44859891,345.4633
357.9535772,51.50831071,346.7235
357.5064511,51.56671866,347.9924
357.0608428,51.624145,349.2698
356.6168943,51.6803294,350.5557
356.1745927,51.73539991,351.8503
355.7339626,51.78938746,353.1532
355.295072,51.84222676,354.4646
354.8577937,51.89392173,355.7843
354.4222606,51.94462587,357.1124
353.9883878,51.99424555,358.4487
353.5562478,52.04271476,359.7933
353.1258174,52.09015877,361.1461
352.6971189,52.13660698,362.5071
352.2703783,52.18202517,363.8762
351.8451606,52.22634937,365.2534
351.4220013,52.2696089,366.6387
351.0005105,52.31195824,368.0319
350.5808185,52.35323666,369.4332
350.1628924,52.39356651,370.8424
349.746962,52.432917,372.2595
349.3327456,52.47124731,373.6845
348.9204167,52.50862018,375.1172
348.5099961,52.54506394,376.5578
348.1013523,52.58056958,378.0062
347.6947188,52.61510897,379.4622
347.289966,52.64867252,380.9259
346.8872007,52.6814182,382.3972
346.4862704,52.71311142,383.8761
346.0872146,52.74400118,385.3627
345.6901168,52.77402232,386.8567
345.295132,52.80301956,388.3583
344.901925,52.83125156,389.8673
344.5106511,52.85856148,391.3837
344.1213293,52.88497492,392.9075
343.7341265,52.91056071,394.4387
343.3489843,52.93521224,395.9771
342.9656265,52.95909025,397.5229
342.5845121,52.9821289,399.0758
342.2051409,53.00430848,400.636
341.8280466,53.02569988,402.2034
341.4528052,53.04619116,403.7779
341.0797268,53.06589865,405.3594
340.7086014,53.08488845,406.9481
340.3396817,53.10292051,408.5437
339.9725997,53.12023422,410.1464
339.6078208,53.13677426,411.756
339.2448437,53.1525055,413.3726
338.8841988,53.16751111,414.9959
338.5254678,53.18166602,416.6262
338.1689535,53.19509277,418.2632
337.8146111,53.20767824,419.907
337.4622837,53.21961685,421.5575
337.1120136,53.23070736,423.2148
336.7640121,53.24116138,424.8787
336.4179536,53.2507588,426.5491
336.0742767,53.25967965,428.2262
335.7327111,53.26784032,429.9098
335.3931295,53.27520785,431.5999
335.0558734,53.28204947,433.2965
334.7207159,53.28805592,434.9996
334.3876712,53.29324756,436.7089
334.056937,53.29783917,438.4247
333.7283394,53.30165747,440.1468
333.4019341,53.30486148,441.875
333.0778251,53.30738931,443.6096
332.7558446,53.30906532,445.3503
332.4360864,53.31018752,447.0972
332.1186159,53.31055493,448.8502
331.8033467,53.31026884,450.6092
331.4901526,53.30928968,452.3743
331.1794123,53.30767326,454.1453
330.8708655,53.30532135,455.9223
330.5646566,53.30231239,457.7051
330.26056,53.29868543,459.4938
329.9589193,53.29435947,461.2883
329.6595092,53.28937283,463.0885
329.3623383,53.28374352,464.8946
329.0674143,53.27748943,466.7062
328.7747171,53.27048785,468.5235
328.484518,53.26288066,470.3464
328.1966934,53.25462448,472.1747
327.9110158,53.24575224,474.0086
327.6277269,53.23626586,475.8479
327.3468104,53.22604233,477.6927
327.0682971,53.2152399,479.5428
326.7919362,53.20374783,481.3981
326.517991,53.19171041,483.2587
326.2464467,53.17900383,485.1244
325.9772018,53.16572097,486.9954
325.7104791,53.15172622,488.8715
325.4460673,53.13718793,490.7526
325.18419,53.12197114,492.6387
324.9245083,53.10617684,494.5298
324.6671374,53.08974475,496.4258
324.412442,53.0727486,498.3265
324.1600547,53.05500502,500.2321
323.9100059,53.03681123,502.1425
323.6625105,53.01789291,504.0575
323.4173501,52.99841325,505.9771
323.1746408,52.97831318,507.9014
322.9343869,52.95760755,509.8302
322.6967054,52.93623809,511.7634
322.4613733,52.91436556,513.7011
322.2283865,52.89186231,515.6431
321.9981029,52.8688076,517.5894
321.7701663,52.84500906,519.5401
321.5447049,52.82069074,521.4948
321.3218357,52.79579466,523.4538
321.1013268,52.7703366,525.4167
320.8832964,52.74425802,527.3838
320.6678632,52.71750108,529.3549
320.4547974,52.69022117,531.3298
320.2444499,52.66235996,533.3085
320.0364728,52.63385999,535.2912
319.8309841,52.60480434,537.2775
319.6281022,52.57513533,539.2675
319.4277107,52.54493562,541.2612
319.2299277,52.51414757,543.2583
319.0346398,52.48271178,545.2592
318.8418485,52.45063999,547.2633
318.6517813,52.41808815,549.2709
318.4639795,52.38492053,551.2818
318.2789068,52.35115485,553.296
318.0963319,52.31679909,555.3134
317.9162545,52.28186416,557.334
317.738905,52.24636553,559.3578
317.5639406,52.2102365,561.3845
317.3917025,52.1735657,563.4142
317.2219682,52.13621738,565.4469
317.0548375,52.09841642,567.4824
316.8902087,52.0599582,569.5208
316.7281904,52.02092637,571.562
316.5687808,51.98133093,573.6058
316.4118693,51.94110753,575.6523
316.2575626,51.90033973,577.7014
316.105858,51.85903698,579.7531
315.9567661,51.81706753,581.8073
315.8101641,51.7745069,583.8638
315.6662774,51.73137224,585.9227
315.5248751,51.68766389,587.9841
315.3859544,51.64339007,590.0476
315.2498605,51.59850238,592.1135
315.1160148,51.55305636,594.1814
314.9849887,51.50701309,596.2515
314.8565517,51.46037118,598.3237
314.7305787,51.41320369,600.3979
314.6070827,51.36537697,602.474
314.4863898,51.31698464,604.5522
314.3681481,51.26808861,606.6322
314.2524927,51.21848995,608.7141
314.1392795,51.16840114,610.7977
314.0286439,51.11762318,612.8832
313.920665,51.06637968,614.9702
313.8152536,51.01446022,617.059
313.712162,50.9619997,619.1495
313.61173,50.90895167,621.2415
313.5138503,50.85524575,623.3351
313.418497,50.80102837,625.4303
313.3255632,50.74622836,627.5268
313.2352653,50.69086382,629.6249
313.1472744,50.6348503,631.7244
313.0619071,50.57828259,633.8252
312.9790565,50.52108885,635.9275
312.8986944,50.46341443,638.0311
312.8206152,50.40510971,640.136
312.7451544,50.34612912,642.2423
312.6720405,50.28674436,644.3497
312.6014322,50.22661504,646.4584
312.5330581,50.16601205,648.5684
312.4672742,50.10474949,650.6795
312.4038312,50.04295736,652.7918
312.3427217,49.98063901,654.9054
312.2840591,49.91773471,657.0201
312.2277381,49.85417012,659.136
312.1737281,49.79008868,661.253
312.1220449,49.72535272,663.3711
312.072537,49.66016813,665.4904
312.0255574,49.59434916,667.6108
311.9806408,49.52800874,669.7324
311.9381161,49.46110142,671.8551
311.8977588,49.39361423,673.979
311.8596572,49.32562693,676.1039
311.8238266,49.257001,678.2301
311.7900201,49.18786322,680.3574
311.7584444,49.11823052,682.4859
311.7291152,49.04796399,684.6154
311.7017857,48.97718992,686.7463
311.6764482,48.90590946,688.8783
311.6534268,48.83407687,691.0116
311.6322621,48.76180238,693.1461
311.6130892,48.68888403,695.2819
311.5960882,48.61547865,697.419
311.581038,48.54157127,699.5574
311.5678126,48.46722479,701.6971
311.5566399,48.39231498,703.8382
311.5472759,48.31696689,705.9807
311.5397368,48.24104039,708.1246
311.5342014,48.16469185,710.27
311.5303337,48.08796795,712.417
311.528267,48.01066599,714.5654
311.5279695,47.93292634,716.7155
311.5294335,47.85474889,718.8671
311.5324419,47.77611772,721.0204
311.5371965,47.69704833,723.1754
311.5435734,47.61760278,725.3321
311.5515652,47.53778071,727.4906
311.5610723,47.45750364,729.651
311.5720644,47.37691157,731.8131
311.584558,47.29586358,733.9773
311.5985227,47.21449957,736.1434
311.6138602,47.13274094,738.3115
311.6305409,47.05072759,740.4816
311.6486731,46.96839642,742.6539
311.667953,46.88565325,744.8284
311.6885577,46.80265344,747.005
311.7103672,46.71945881,749.1839
311.7333986,46.63592816,751.3651
311.7575327,46.55212337,753.5487
311.782651,46.46810639,755.7346
311.80884,46.38395447,757.923
311.8361167,46.29952633,760.1139
311.8642511,46.21494668,762.3074
311.8933517,46.13015216,764.5034
311.9233922,46.04528263,766.702
311.9540759,45.96024471,768.9034
311.9856923,45.87513052,771.1074
312.0180356,45.78992451,773.3143
312.0509915,45.70468905,775.5239
312.0845573,45.61942365,777.7364
312.1187308,45.53412782,779.9516
312.1535094,45.44880108,782.1699
312.1886699,45.36356906,784.391
312.2244316,45.27830525,786.6152
312.260462,45.19319857,788.8423
312.2968704,45.10818565,791.0725
312.3334567,45.02325192,793.3056
312.3703993,44.93855217,795.5419
312.4075189,44.85393127,797.7812
312.4447757,44.76967054,800.0236
312.4821006,44.68555182,802.2692
312.5194746,44.60171582,804.5178
312.556701,44.51814869,806.7695
312.5939782,44.43486443,809.0244
312.6311799,44.35206731,811.2824
312.6680414,44.26952579,813.5435
312.7048309,44.18747183,815.8077
312.7412653,44.10581482,818.0749
312.7773285,44.02469593,820.3452
312.8129348,43.94403845,822.6186
312.8481756,43.86391993,824.895
312.8829468,43.78440449,827.1744
312.917057,43.70547932,829.4568
312.9507045,43.62715827,831.7421
312.983592,43.54949245,834.0302
313.0157056,43.47262335,836.3212
313.0472615,43.39642387,838.615
313.0777704,43.32093244,840.9116
313.1075006,43.24638054,843.2109
313.1361935,43.17253822,845.5128
313.1640118,43.09970077,847.8172
313.1906973,43.02763837,850.1242
313.2163253,42.95656945,852.4336
313.2409007,42.8864947,854.7454
313.2641492,42.81732536,857.0596
313.2861463,42.74927978,859.3759
313.3068974,42.68235868,861.6944
313.3262335,42.61640927,864.0149
313.34423,42.55164978,866.3375
313.3608921,42.4880808,868.6619
313.3758433,42.42567786,870.9882
313.3893669,42.36453074,873.3163
313.4012776,42.30462742,875.646
313.411477,42.24603253,877.9771
313.4200571,42.18882312,880.3099
313.4268497,42.1328462,882.644
313.4319296,42.0783195,884.9793
313.4351119,42.02523075,887.3159
313.4365045,41.9735158,889.6536
313.4359058,41.92330307,891.9924
313.4335094,41.87460483,894.3322
313.4289411,41.82739604,896.6728
313.4224804,41.7817654,899.0141
313.4138557,41.7376234,901.3562
313.4032428,41.69512274,903.699
313.3905587,41.6541861,906.0423
313.3755153,41.61486431,908.3861
313.3583897,41.57724555,910.7304
313.3390982,41.54125209,913.0751
313.3174549,41.5068701,915.4201
313.2936327,41.47425159,917.7654
313.2674449,41.44338237,920.1109
313.2390121,41.41405591,922.4567
313.2081984,41.38661598,924.8027
313.1750384,41.36077899,927.1489
313.1396001,41.33676042,929.4951
313.1017129,41.31440428,931.8415
313.0613586,41.29384881,934.1881
313.0187411,41.27496367,936.5348
312.9736538,41.2578738,938.8816
312.9262152,41.2423717,941.2288
312.8763875,41.22873586,943.5759
312.8241013,41.21674525,945.9235
312.7694382,41.20647356,948.2712
312.7124975,41.19785382,950.6193
312.6531731,41.19094603,952.9678
312.5914609,41.18574645,955.3167
312.5274779,41.18204713,957.6662
312.4610983,41.1800482,960.0164
312.3926258,41.17955577,962.3671
312.3217658,41.18061493,964.7186
312.2486998,41.18323568,967.0711
312.1735254,41.18735076,969.4245
312.096237,41.19295605,971.779
312.0169516,41.19984377,974.1348
311.9355405,41.20821324,976.4918
311.8522044,41.21793448,978.8504
311.7669573,41.22886278,981.2105
311.6799805,41.2410093,983.5723
311.5911642,41.2544327,985.9358
311.5007306,41.2688634,988.3013
311.4086534,41.28443817,990.6689
311.3149478,41.30101266,993.0387
311.2198994,41.31853695,995.4107
311.1235246,41.33686735,997.7853
311.0259011,41.35607909,1000.1623
310.9271286,41.37610722,1002.5421
310.8273293,41.39674667,1004.9244
310.7266864,41.41801186,1007.3098
310.6252191,41.43976034,1009.698
310.5231114,41.46200735,1012.0892
310.4203834,41.484611,1014.4836
310.3173256,41.50752605,1016.881
310.2140415,41.53069053,1019.2817
310.1105777,41.55382342,1021.6856
310.0071789,41.57716198,1024.0927
309.9038114,41.60034678,1026.5032
309.8007449,41.62347589,1028.9169
309.6982987,41.64636791,1031.3338
309.5964995,41.66888449,1033.754
309.495431,41.69110702,1036.1773
309.395334,41.71277645,1038.6038
309.2964256,41.73377463,1041.0333
309.1987907,41.7541845,1043.4658
309.1025666,41.77380911,1045.9012
309.0080793,41.79247169,1048.3392
308.9153079,41.8103166,1050.7799
308.8246063,41.82702818,1053.2231
308.7361686,41.84263157,1055.6686
308.6500284,41.85699209,1058.1163
308.5662997,41.8700552,1060.566
308.4853927,41.88172747,1063.0175
308.4072617,41.89179468,1065.4706
308.3322617,41.90044402,1067.9252
308.2603754,41.9073215,1070.3811
308.1918774,41.91253442,1072.838
308.1269103,41.91588967,1075.2958
308.0656682,41.91741442,1077.7543
308.0081056,41.91689421,1080.2133
307.9544953,41.91443652,1082.6726
307.9050583,41.90992856,1085.1319
307.8597481,41.9031552,1087.5913
307.8187266,41.89428259,1090.0506
307.7821337,41.88311648,1092.5095
307.7500792,41.86960202,1094.9681
307.7226429,41.85382363,1097.4262
307.6996661,41.83562294,1099.8837
307.6815221,41.81504625,1102.3404
307.6681294,41.79201494,1104.7966
307.6595632,41.76661132,1107.2521
307.6557691,41.73861589,1109.7069
307.6566825,41.70830837,1112.161
307.6625422,41.67543106,1114.6146
307.6730155,41.64015984,1117.0679
307.6882017,41.60243441,1119.5207
307.7080906,41.56225284,1121.9734
307.7325342,41.51981129,1124.4261
307.7614714,41.47488634,1126.8789
307.7947237,41.42781302,1129.3322
307.8322,41.37850688,1131.7861
307.8737792,41.32702285,1134.2408
307.9191259,41.27353389,1136.6967
307.9682264,41.21803552,1139.1541
308.0209317,41.16072195,1141.6131
308.0768569,41.10154579,1144.074
308.1358259,41.04084134,1146.5373
308.197456,40.97856186,1149.003
308.2616799,40.9149828,1151.4717
308.3281956,40.85013854,1153.9432
308.3964898,40.78418318,1156.4181
308.4663938,40.71745302,1158.8965
308.5376105,40.64998439,1161.3784
308.6097116,40.582014,1163.8641
308.6822718,40.51377959,1166.3537
308.7550787,40.44540014,1168.8475
308.8277112,40.3771151,1171.345
308.8997511,40.30916498,1173.8465
308.9709663,40.24181113,1176.3521
309.0406813,40.17519619,1178.8613
309.1086686,40.10958336,1181.3742
309.1744156,40.04527713,1183.8906
309.2376205,39.98246233,1186.4102
309.2978789,39.92138469,1188.9326
309.3548922,39.8622301,1191.4576
309.4080519,39.80536631,1193.985
309.4570625,39.75098019,1196.5142
309.5018111,39.69927762,1199.0448
309.5415353,39.65046813,1201.5765
309.5760444,39.60467809,1204.1089
309.6050982,39.5623137,1206.6415
309.6283233,39.52348158,1209.174
309.645424,39.48836725,1211.706
309.6562064,39.45709473,1214.2371
309.6603964,39.42970769,1216.7671
309.6577482,39.40660847,1219.2957
309.6481895,39.38771705,1221.8228
309.6314398,39.37307356,1224.3482
309.6075791,39.36275425,1226.8717
309.5764786,39.35695543,1229.3936
309.5379772,39.35551218,1231.9139
309.4922494,39.35843605,1234.4326
309.4392855,39.36571845,1236.9503
309.3792012,39.37714888,1239.4669
309.3122415,39.39281523,1241.9831
309.2386211,39.41244486,1244.4994
309.1585535,39.43576453,1247.0161
309.0723044,39.46272041,1249.5339
308.9804485,39.49307815,1252.0533
308.8833278,39.52636447,1254.5748
308.7812336,39.56238647,1257.0991
308.6750293,39.60087253,1259.6268
308.5652437,39.6413729,1262.1582
308.4524091,39.68343947,1264.694
308.337216,39.72678668,1267.2343
308.2205953,39.77087281,1269.7795
308.1032736,39.81527848,1272.33
307.9859826,39.85958722,1274.8854
307.8697739,39.90320816,1277.4461
307.7553129,39.94565092,1280.0116
307.6436347,39.98647144,1282.5815
307.5357023,40.02514858,1285.1556
307.432484,40.06116442,1287.7332
307.3346637,40.09404022,1290.3137
307.2434758,40.12336632,1292.8964
307.159639,40.14852836,1295.4804
307.0839969,40.16921461,1298.065
307.0173158,40.18503264,1300.6492
306.9602846,40.19550853,1303.2325
306.9137422,40.20032994,1305.8139
306.8780217,40.1993347,1308.3931
306.8537705,40.19218351,1310.9694
306.8412042,40.17876702,1313.5427
306.8405626,40.15883303,1316.1127
306.8519111,40.13246289,1318.6796
306.8753389,40.09959476,1321.2438
306.9105331,40.06025643,1323.8055
306.9572211,40.01469326,1326.3656
307.0147313,39.9632414,1328.9249
307.0826012,39.90611837,1331.4843
307.1599431,39.84377383,1334.0451
307.2456882,39.77663483,1336.6082
307.3388176,39.70535018,1339.1748
307.4378499,39.63058474,1341.746
307.5417502,39.55313224,1344.3225
307.6486633,39.47376076,1346.9051
307.7571084,39.39328823,1349.4944
307.8655605,39.31281747,1352.0904
307.9719947,39.23325298,1354.6932
308.0748378,39.15562954,1357.302
308.172065,39.08100441,1359.9164
308.2623082,39.01044426,1362.5351
308.3434882,38.94493568,1365.157
308.4139975,38.88545098,1367.7805
308.4724121,38.83298432,1370.4042
308.517232,38.78844898,1373.0266
308.5473664,38.7525173,1375.6462
308.5616407,38.72577727,1378.2619
308.5592298,38.70885224,1380.8729
308.5397331,38.70197987,1383.4789
308.5027622,38.70525028,1386.0798
308.4484782,38.71866744,1388.676
308.3770807,38.74194816,1391.2688
308.2896037,38.77468644,1393.8595
308.1869734,38.816032,1396.4498
308.070574,38.86511488,1399.0418
307.9423831,38.92085031,1401.6375
307.8046205,38.98190043,1404.2388
307.6597549,39.04667764,1406.8474
307.5106336,39.11364924,1409.4643
307.3603645,39.18103945,1412.0901
307.2121108,39.24694873,1414.7247
307.0695296,39.30948066,1417.3674
306.9360195,39.36679138,1420.0163
306.8150314,39.41691123,1422.6695
306.7096869,39.45819509,1425.3243
306.6231594,39.48922432,1427.9782
306.5581085,39.50837126,1430.6285
306.5166988,39.51451363,1433.2731
306.5003027,39.50706326,1435.9105
306.5101894,39.4853357,1438.5402
306.5460419,39.44935844,1441.1627
306.6073456,39.39947881,1443.7796
306.6925357,39.33646958,1446.3933
306.7990082,39.26153489,1449.0071
306.9235712,39.17644609,1451.6246
307.0619522,39.08334181,1454.249
307.2095361,38.98482945,1456.8832
307.360767,38.88384379,1459.5287
307.5100872,38.78362654,1462.186
307.6515075,38.68760228,1464.854
307.7791239,38.59908359,1467.5298
307.8871532,38.52148555,1470.2098
307.9704326,38.458021,1472.8895
308.0247587,38.41123073,1475.5643
308.046321,38.38340679,1478.2308
308.032865,38.37565024,1480.8868
307.9836921,38.38872348,1483.5319
307.8991038,38.42212451,1486.1682
307.7814538,38.4743599,1488.7998
307.6349924,38.54293706,1491.4318
307.4651303,38.62457554,1494.0702
307.2793045,38.71475738,1496.7199
307.086107,38.80863978,1499.3844
